Manifest reference,route ID
900600000002056052,route1
900600000002055848,route1
140111000010016646,route1
900600000002055963,route1
900600000002056083,route1
900600000002055818,route1
900600000002055965,route1
900600000002056180,route1
211000000000314500,route1
140111000010017152,route1
140111000010020568,route1
900600000002055958,route1
211000000000314521,route1
900600000002056227,route1
140111000010017712,route1
140111000010020910,route1
900600000002055962,route1
140111000010019054,route1
900600000002056164,route1
900600000002056025,route1
900600000002055976,route1
140111000010018158,route1
140111000010016748,route1
140111000010019782,route1
900600000002055999,route1
900600000002055920,route1
144500000000092271,route1
140111000010018811,route1
900600000002055918,route1
140111000010017373,route1
900600000002056469,route1
140111000010019576,route1
140111000010019724,route1
140111000010020755,route1
900600000002055855,route1
140111000010017045,route1
144500000000092265,route1
144500000000092264,route1
900600000002056229,route1
140111000010019153,route1
140111000010020686,route1
900600000002055997,route1
140111000010019143,route1
900600000002056149,route1
140111000010018727,route1
140111000010020891,route1
900600000002055809,route1
140111000010019250,route2
900600000002056034,route2
900600000002056256,route2
900600000002056145,route2
140111000010019811,route2
140111000010020155,route2
900600000002055842,route2
900600000002056055,route2
900600000002056056,route2
900600000002056222,route2
211000000000314518,route2
366000000000189006,route2
140111000010019506,route2